date,SVENY01,SVENY02,SVENY03,SVENY04,SVENY05
1972-09-30,6.7000000000000002,6.2599999999999998,6.9199999999999999,7.3200000000000003,7.5800000000000001
1972-10-31,7.04,7.6799999999999997,7.96,8.0999999999999996,8.1899999999999995
1972-11-30,9.0899999999999999,7.8799999999999999,7.9900000000000002,8.1600000000000001,8.2899999999999991
1972-12-31,6.9199999999999999,8.0700000000000003,8.2599999999999998,8.3000000000000007,8.3399999999999999
1973-01-31,6.4199999999999999,7.3200000000000003,7.8700000000000001,8.1600000000000001,8.3300000000000001
1973-02-28,7.0499999999999998,7.25,7.8200000000000003,8.0999999999999996,8.2400000000000002
1973-03-31,6.9699999999999998,7.8200000000000003,8.2300000000000004,8.4100000000000001,8.4800000000000004
1973-04-30,8.3300000000000001,8.6899999999999995,8.6600000000000001,8.6899999999999995,8.7300000000000004
1973-05-31,8.9499999999999993,9.3300000000000001,9.4100000000000001,9.4399999999999995,9.4600000000000009
1973-06-30,10.609999999999999,9.0999999999999996,9.1799999999999997,9.3499999999999996,9.4800000000000004
1973-07-31,10.210000000000001,10.25,10.119999999999999,9.9900000000000002,9.8900000000000006
1973-08-31,9.1500000000000004,9.3000000000000007,9.3499999999999996,9.3800000000000008,9.3900000000000006
1973-09-30,9.3599999999999994,9.4800000000000004,9.5199999999999996,9.5399999999999991,9.5500000000000007
1973-10-31,8.8399999999999999,9.2400000000000002,9.3100000000000005,9.3399999999999999,9.3599999999999994
1973-11-30,10.19,9.5999999999999996,9.3499999999999996,9.2799999999999994,9.3100000000000005
1973-12-31,10.390000000000001,9.4800000000000004,9.2100000000000009,9.2100000000000009,9.3000000000000007
1974-01-31,9.3699999999999992,9.2599999999999998,9.2400000000000002,9.2699999999999996,9.3399999999999999
1974-02-28,10.43,10.140000000000001,10.02,10,10.039999999999999
1974-03-31,10.050000000000001,9.9900000000000002,9.9800000000000004,10.029999999999999,10.119999999999999
1974-04-30,10.039999999999999,10.02,10.01,10.050000000000001,10.109999999999999
1974-05-31,8.8000000000000007,9.8699999999999992,10.25,10.44,10.550000000000001
1974-06-30,9.8900000000000006,9.5700000000000003,9.8300000000000001,10.06,10.289999999999999
1974-07-31,9.4900000000000002,9.6300000000000008,9.8499999999999996,10.109999999999999,10.359999999999999
1974-08-31,9.6899999999999995,9.7899999999999991,9.9499999999999993,10.140000000000001,10.33
1974-09-30,9.6999999999999993,9.7799999999999994,9.9700000000000006,10.19,10.41
1974-10-31,9.3200000000000003,9.6300000000000008,9.9199999999999999,10.18,10.390000000000001
1974-11-30,8.7300000000000004,8.8399999999999999,9.1400000000000006,9.4600000000000009,9.7400000000000002
1974-12-31,8.6500000000000004,8.7699999999999996,9.0099999999999998,9.2400000000000002,9.4499999999999993
1975-01-31,7.4800000000000004,7.5599999999999996,7.96,8.3499999999999996,8.6799999999999997
1975-02-28,6.5,6.9299999999999997,7.4900000000000002,8,8.4100000000000001
1975-03-31,6.4199999999999999,6.9500000000000002,7.5499999999999998,8.0700000000000003,8.4900000000000002
1975-04-30,5.9400000000000004,6.5899999999999999,7.2699999999999996,7.8200000000000003,8.2100000000000009
1975-05-31,5.5800000000000001,6.2999999999999998,6.9900000000000002,7.5700000000000003,8.0199999999999996
1975-06-30,5.6900000000000004,6.4900000000000002,7.1299999999999999,7.6399999999999997,8.0299999999999994
1975-07-31,5.4199999999999999,6.3300000000000001,7.0499999999999998,7.5999999999999996,8.0199999999999996
1975-08-31,5.3399999999999999,6.3799999999999999,7.0999999999999996,7.6299999999999999,8.0199999999999996
1975-09-30,5.5700000000000003,6.4299999999999997,7.1299999999999999,7.6399999999999997,8.0099999999999998
1975-10-31,6.25,6.4800000000000004,7.3099999999999996,7.9000000000000004,8.2899999999999991
1975-11-30,5.9199999999999999,6.5099999999999998,7.21,7.8099999999999996,8.25
1975-12-31,5.7800000000000002,6.4000000000000004,7.1699999999999999,7.7999999999999998,8.2300000000000004
1976-01-31,5.2300000000000004,6.0599999999999996,6.9199999999999999,7.5599999999999996,7.9699999999999998
1976-02-29,4.8099999999999996,5.6399999999999997,6.5,7.2000000000000002,7.7000000000000002
1976-03-31,4.5800000000000001,5.5899999999999999,6.4699999999999998,7.0800000000000001,7.5099999999999998
1976-04-30,4.3700000000000001,5.5899999999999999,6.5599999999999996,7.2000000000000002,7.6299999999999999
1976-05-31,4.9299999999999997,6.1100000000000003,6.9699999999999998,7.54,7.9500000000000002
1976-06-30,5,6.1399999999999997,7.0199999999999996,7.5999999999999996,7.9900000000000002
1976-07-31,6,6.7400000000000002,7.2999999999999998,7.7699999999999996,8.1199999999999992
1976-08-31,5.5999999999999996,6.7800000000000002,7.3399999999999999,7.7000000000000002,7.9699999999999998
1976-09-30,5.5300000000000002,6.5099999999999998,7.1500000000000004,7.5599999999999996,7.8200000000000003
1976-10-31,5.6100000000000003,6.46,7.04,7.4000000000000004,7.6399999999999997
1976-11-30,5.0800000000000001,5.9299999999999997,6.5999999999999996,7.0499999999999998,7.3300000000000001
1976-12-31,5.3099999999999996,6.0800000000000001,6.7199999999999998,7.0800000000000001,7.2800000000000002
1977-01-31,5.3499999999999996,5.9800000000000004,6.46,6.8099999999999996,7.0599999999999996
1977-02-28,5.1299999999999999,5.9100000000000001,6.3899999999999997,6.7400000000000002,6.9900000000000002
1977-03-31,4.7000000000000002,5.4100000000000001,5.9500000000000002,6.29,6.5
1977-04-30,4.54,5.1399999999999997,5.6500000000000004,5.9800000000000004,6.2000000000000002
1977-05-31,4.46,5.0300000000000002,5.5499999999999998,5.9100000000000001,6.1500000000000004
1977-06-30,4.3399999999999999,4.9299999999999997,5.4900000000000002,5.8499999999999996,6.0999999999999996
1977-07-31,4.5199999999999996,4.9199999999999999,5.2699999999999996,5.5700000000000003,5.8200000000000003
1977-08-31,4.3799999999999999,4.7699999999999996,5.0599999999999996,5.3499999999999996,5.6299999999999999
1977-09-30,4.2699999999999996,4.7199999999999998,5.0599999999999996,5.3700000000000001,5.6399999999999997
1977-10-31,4.2699999999999996,4.75,5.0899999999999999,5.3700000000000001,5.6200000000000001
1977-11-30,4.2800000000000002,4.7699999999999996,5.0800000000000001,5.3700000000000001,5.6299999999999999
1977-12-31,4.0599999999999996,4.7000000000000002,4.9699999999999998,5.2199999999999998,5.46
1978-01-31,3.9900000000000002,4.3200000000000003,4.7999999999999998,5.0800000000000001,5.29
1978-02-28,3.6600000000000001,4.2400000000000002,4.6100000000000003,4.8799999999999999,5.0999999999999996
1978-03-31,3.5800000000000001,4.21,4.6200000000000001,4.9100000000000001,5.1299999999999999
1978-04-30,3.52,4.1799999999999997,4.6100000000000003,4.9299999999999997,5.21
1978-05-31,3.8399999999999999,4.3399999999999999,4.8600000000000003,5.1699999999999999,5.3799999999999999
1978-06-30,3.98,4.6799999999999997,5.1399999999999997,5.4100000000000001,5.5999999999999996
1978-07-31,4,5.0999999999999996,5.6500000000000004,5.9199999999999999,6.0899999999999999
1978-08-31,4.3799999999999999,5.29,5.7000000000000002,5.9100000000000001,6.0300000000000002
1978-09-30,4.2999999999999998,5.1299999999999999,5.5599999999999996,5.8099999999999996,5.96
1978-10-31,3.8999999999999999,5.1100000000000003,5.5700000000000003,5.8399999999999999,6.0300000000000002
1978-11-30,4.2400000000000002,5.1200000000000001,5.6799999999999997,6.0300000000000002,6.25
1978-12-31,4.21,5.29,5.7999999999999998,6.1100000000000003,6.3200000000000003
1979-01-31,4.4699999999999998,5.5899999999999999,6.0499999999999998,6.3300000000000001,6.54
1979-02-28,4.6200000000000001,5.8200000000000003,6.3300000000000001,6.5999999999999996,6.7800000000000002
1979-03-31,4.8899999999999997,6.0499999999999998,6.5300000000000002,6.75,6.8899999999999997
1979-04-30,5.96,6.8300000000000001,7.0700000000000003,7.1500000000000004,7.2199999999999998
1979-05-31,6.8399999999999999,7.3600000000000003,7.5599999999999996,7.6600000000000001,7.7400000000000002
1979-06-30,6.9400000000000004,7.5300000000000002,7.7000000000000002,7.7699999999999996,7.8200000000000003
1979-07-31,7.1299999999999999,7.5999999999999996,7.6299999999999999,7.5999999999999996,7.5800000000000001
1979-08-31,7.2000000000000002,7.5499999999999998,7.5599999999999996,7.5099999999999998,7.4699999999999998
1979-09-30,7.9100000000000001,7.7699999999999996,7.6500000000000004,7.5800000000000001,7.5300000000000002
1979-10-31,8.4299999999999997,8.25,8.1300000000000008,8.0700000000000003,8.0399999999999991
1979-11-30,8.4199999999999999,8.1899999999999995,8.0199999999999996,7.9100000000000001,7.8399999999999999
1979-12-31,8.4000000000000004,8.1899999999999995,8.0299999999999994,7.9199999999999999,7.8700000000000001
1980-01-31,8.4000000000000004,8.3900000000000006,8.2899999999999991,8.2200000000000006,8.1799999999999997
1980-02-29,9.1500000000000004,9.0500000000000007,8.9800000000000004,8.9499999999999993,8.9399999999999995
1980-03-31,10,10.029999999999999,9.9299999999999997,9.8699999999999992,9.8300000000000001
1980-04-30,9.5500000000000007,9.2300000000000004,9.0600000000000005,8.9700000000000006,8.9199999999999999
1980-05-31,9.3499999999999996,8.8000000000000007,8.5399999999999991,8.4000000000000004,8.3200000000000003
1980-06-30,8.6600000000000001,8.2300000000000004,8.0199999999999996,7.96,7.9500000000000002
1980-07-31,8.2100000000000009,7.9199999999999999,7.7800000000000002,7.7300000000000004,7.7199999999999998
1980-08-31,8.2400000000000002,7.9800000000000004,7.9100000000000001,7.9299999999999997,7.96
1980-09-30,8.5600000000000005,8.2599999999999998,8.2200000000000006,8.2599999999999998,8.2899999999999991
1980-10-31,8.6400000000000006,8.4600000000000009,8.4800000000000004,8.5399999999999991,8.5999999999999996
1980-11-30,8.9900000000000002,8.8000000000000007,8.7300000000000004,8.6999999999999993,8.6799999999999997
1980-12-31,9.4100000000000001,9.1500000000000004,9.0600000000000005,9.0199999999999996,8.9900000000000002
1981-01-31,9.3900000000000006,9.2300000000000004,9.2300000000000004,9.2599999999999998,9.2699999999999996
1981-02-28,11.23,10.75,10.59,10.539999999999999,10.52
1981-03-31,11.74,10.640000000000001,10.31,10.199999999999999,10.140000000000001
1981-04-30,11.67,10.880000000000001,10.68,10.57,10.44
1981-05-31,12.69,12.24,11.890000000000001,11.58,11.300000000000001
1981-06-30,12.529999999999999,11.84,11.359999999999999,11.050000000000001,10.82
1981-07-31,12.69,11.92,11.640000000000001,11.44,11.220000000000001
1981-08-31,13.17,12.33,12,11.76,11.49
1981-09-30,12.119999999999999,11.65,11.359999999999999,11.109999999999999,10.890000000000001
1981-10-31,11.359999999999999,10.83,10.59,10.470000000000001,10.4
1981-11-30,10.1,9.8800000000000008,9.7699999999999996,9.7100000000000009,9.6899999999999995
1981-12-31,10.43,10.109999999999999,9.9399999999999995,9.8499999999999996,9.7899999999999991
1982-01-31,10.24,10.02,9.8900000000000006,9.8300000000000001,9.8000000000000007
1982-02-28,9.9700000000000006,9.8300000000000001,9.7799999999999994,9.75,9.7300000000000004
1982-03-31,9.3599999999999994,9.2799999999999994,9.2799999999999994,9.2899999999999991,9.2899999999999991
1982-04-30,8.9499999999999993,8.7699999999999996,8.75,8.7599999999999998,8.7599999999999998
1982-05-31,8.7799999999999994,8.7599999999999998,8.7799999999999994,8.8000000000000007,8.8200000000000003
1982-06-30,9.3900000000000006,9.3800000000000008,9.3900000000000006,9.4000000000000004,9.4000000000000004
1982-07-31,9.1799999999999997,9.1999999999999993,9.2699999999999996,9.2799999999999994,9.2400000000000002
1982-08-31,8.5500000000000007,8.6600000000000001,8.7400000000000002,8.7799999999999994,8.8000000000000007
1982-09-30,7.9800000000000004,8.2200000000000006,8.4499999999999993,8.5199999999999996,8.5299999999999994
1982-10-31,7.4699999999999998,7.7000000000000002,7.9299999999999997,8.0500000000000007,8.1099999999999994
1982-11-30,7.2699999999999996,7.6799999999999997,7.9900000000000002,8.0999999999999996,8.1300000000000008
1982-12-31,6.5999999999999996,7.0899999999999999,7.5,7.6900000000000004,7.7599999999999998
1983-01-31,5.8799999999999999,6.6500000000000004,7.1900000000000004,7.4900000000000002,7.6699999999999999
1983-02-28,5.8899999999999997,6.5999999999999996,7.0899999999999999,7.3700000000000001,7.5300000000000002
1983-03-31,5.4800000000000004,6.1100000000000003,6.7300000000000004,7.1100000000000003,7.3399999999999999
1983-04-30,5.5099999999999998,6.3600000000000003,6.9500000000000002,7.2800000000000002,7.4699999999999998
1983-05-31,6.1500000000000004,7.0700000000000003,7.5599999999999996,7.8200000000000003,7.9699999999999998
1983-06-30,6.3899999999999997,7.3099999999999996,7.7699999999999996,7.9500000000000002,8.0299999999999994
1983-07-31,6.5300000000000002,7.3799999999999999,7.8399999999999999,8.0700000000000003,8.1799999999999997
1983-08-31,6.7999999999999998,7.6299999999999999,8.0600000000000005,8.2799999999999994,8.3800000000000008
1983-09-30,6.8700000000000001,7.7000000000000002,8.0600000000000005,8.1899999999999995,8.2400000000000002
1983-10-31,6.6100000000000003,7.4800000000000004,7.7800000000000002,7.9000000000000004,7.9900000000000002
1983-11-30,6.7599999999999998,7.5599999999999996,7.9100000000000001,8.0500000000000007,8.1400000000000006
1983-12-31,6.8700000000000001,7.7000000000000002,8,8.0999999999999996,8.1400000000000006
1984-01-31,6.6600000000000001,7.3799999999999999,7.7800000000000002,8.0099999999999998,8.1500000000000004
1984-02-29,6.29,6.9800000000000004,7.3899999999999997,7.6500000000000004,7.8399999999999999
1984-03-31,6.2800000000000002,6.8300000000000001,7.2800000000000002,7.6100000000000003,7.8399999999999999
1984-04-30,6.2400000000000002,6.7800000000000002,7.2999999999999998,7.6600000000000001,7.8899999999999997
1984-05-31,6.6600000000000001,7.1299999999999999,7.5800000000000001,7.8799999999999999,8.0700000000000003
1984-06-30,6.6399999999999997,7.1600000000000001,7.5499999999999998,7.8099999999999996,7.9900000000000002
1984-07-31,6.75,7.3300000000000001,7.6600000000000001,7.8799999999999999,8.0299999999999994
1984-08-31,6.3899999999999997,6.9699999999999998,7.2999999999999998,7.5099999999999998,7.6600000000000001
1984-09-30,6.2400000000000002,6.71,7.0499999999999998,7.3099999999999996,7.5
1984-10-31,6.1100000000000003,6.4500000000000002,6.7699999999999996,7.0099999999999998,7.1900000000000004
1984-11-30,5.8899999999999997,6.1699999999999999,6.4900000000000002,6.7400000000000002,6.9400000000000004
1984-12-31,5.6600000000000001,6.04,6.4100000000000001,6.7000000000000002,6.9000000000000004
1985-01-31,5.9800000000000004,6.3200000000000003,6.6799999999999997,6.9400000000000004,7.1100000000000003
1985-02-28,6.79,7.0899999999999999,7.2400000000000002,7.3700000000000001,7.4900000000000002
1985-03-31,6.3099999999999996,6.9000000000000004,7.1500000000000004,7.2800000000000002,7.3600000000000003
1985-04-30,6.2400000000000002,6.5999999999999996,6.8200000000000003,7,7.1399999999999997
1985-05-31,5.8200000000000003,6.1799999999999997,6.5,6.7699999999999996,6.96
1985-06-30,5.5999999999999996,5.9500000000000002,6.2800000000000002,6.5599999999999996,6.7800000000000002
1985-07-31,5.2999999999999998,5.6799999999999997,6,6.2599999999999998,6.4800000000000004
1985-08-31,4.7400000000000002,5.1900000000000004,5.6399999999999997,5.9699999999999998,6.2000000000000002
1985-09-30,4.6799999999999997,5.2300000000000004,5.6399999999999997,5.9400000000000004,6.1600000000000001
1985-10-31,5.1699999999999999,5.6799999999999997,6.1200000000000001,6.4199999999999999,6.6200000000000001
1985-11-30,4.9400000000000004,5.4400000000000004,5.9000000000000004,6.2300000000000004,6.4500000000000002
1985-12-31,4.96,5.2999999999999998,5.7599999999999998,6.0700000000000003,6.2699999999999996
1986-01-31,4.7800000000000002,5.1299999999999999,5.6100000000000003,5.9699999999999998,6.2199999999999998
1986-02-28,4.5300000000000002,4.9299999999999997,5.3799999999999999,5.6799999999999997,5.8799999999999999
1986-03-31,4.4000000000000004,4.7400000000000002,5.1399999999999997,5.4299999999999997,5.6299999999999999
1986-04-30,4.4699999999999998,4.6900000000000004,5.0099999999999998,5.25,5.4299999999999997
1986-05-31,4.5999999999999996,5.0300000000000002,5.4100000000000001,5.6799999999999997,5.8700000000000001
1986-06-30,4.6600000000000001,5.0199999999999996,5.3899999999999997,5.6399999999999997,5.8099999999999996
1986-07-31,4.7300000000000004,4.8399999999999999,5.1799999999999997,5.46,5.6699999999999999
1986-08-31,4.5099999999999998,4.7599999999999998,5.0599999999999996,5.2999999999999998,5.4800000000000004
1986-09-30,4.5899999999999999,4.8200000000000003,5.1900000000000004,5.5,5.7400000000000002
1986-10-31,4.6399999999999997,4.9400000000000004,5.3499999999999996,5.6900000000000004,5.9500000000000002
1986-11-30,4.6900000000000004,4.9800000000000004,5.3300000000000001,5.6100000000000003,5.7999999999999998
1986-12-31,4.8300000000000001,4.9800000000000004,5.2999999999999998,5.5800000000000001,5.79
1987-01-31,4.1100000000000003,4.5099999999999998,4.9299999999999997,5.2699999999999996,5.5300000000000002
1987-02-28,4.0800000000000001,4.4199999999999999,4.8300000000000001,5.2199999999999998,5.54
1987-03-31,4.0999999999999996,4.2999999999999998,4.6900000000000004,5.0499999999999998,5.3300000000000001
1987-04-30,3.8999999999999999,4.1799999999999997,4.5700000000000003,4.9299999999999997,5.2300000000000004
1987-05-31,3.7599999999999998,4.0499999999999998,4.4400000000000004,4.8099999999999996,5.1200000000000001
1987-06-30,3.8300000000000001,4.1299999999999999,4.6200000000000001,5.0899999999999999,5.4800000000000004
1987-07-31,4.1100000000000003,4.4699999999999998,4.9199999999999999,5.3200000000000003,5.6600000000000001
1987-08-31,4.3499999999999996,4.71,5.1200000000000001,5.5099999999999998,5.8499999999999996
1987-09-30,4.5,4.8899999999999997,5.3300000000000001,5.75,6.1200000000000001
1987-10-31,4.2599999999999998,4.8700000000000001,5.3399999999999999,5.71,5.9900000000000002
1987-11-30,3.96,4.3899999999999997,4.8499999999999996,5.2699999999999996,5.6200000000000001
1987-12-31,3.8700000000000001,4.2699999999999996,4.7800000000000002,5.25,5.6600000000000001
1988-01-31,3.7000000000000002,4.2599999999999998,4.75,5.1799999999999997,5.5700000000000003
1988-02-29,3.5099999999999998,3.98,4.5199999999999996,4.9900000000000002,5.3899999999999997
1988-03-31,3.6200000000000001,4.0800000000000001,4.5999999999999996,5.0599999999999996,5.4400000000000004
1988-04-30,3.79,4.3499999999999996,4.8700000000000001,5.3200000000000003,5.71
1988-05-31,4.0099999999999998,4.5700000000000003,5.0599999999999996,5.4800000000000004,5.8399999999999999
1988-06-30,4.6299999999999999,5.0300000000000002,5.3899999999999997,5.71,5.9900000000000002
1988-07-31,5.4800000000000004,5.7300000000000004,5.9199999999999999,6.1200000000000001,6.3300000000000001
1988-08-31,5.7000000000000002,5.96,6.0999999999999996,6.2300000000000004,6.3700000000000001
1988-09-30,5.3499999999999996,5.5300000000000002,5.7199999999999998,5.9100000000000001,6.0999999999999996
1988-10-31,5.04,5.21,5.4000000000000004,5.5999999999999996,5.7800000000000002
1988-11-30,5.21,5.3499999999999996,5.5800000000000001,5.8099999999999996,6.0099999999999998
1988-12-31,5.6500000000000004,5.7599999999999998,5.9000000000000004,6.0599999999999996,6.21
1989-01-31,6.1699999999999999,6.3600000000000003,6.4800000000000004,6.5599999999999996,6.6200000000000001
1989-02-28,6.9000000000000004,7.0599999999999996,7.0800000000000001,7.0599999999999996,7.04
1989-03-31,6.7300000000000004,6.8700000000000001,6.9100000000000001,6.9199999999999999,6.9299999999999997
1989-04-30,6.6600000000000001,6.79,6.8499999999999996,6.8799999999999999,6.8899999999999997
1989-05-31,7.1699999999999999,7.1500000000000004,7.1299999999999999,7.1200000000000001,7.0999999999999996
1989-06-30,6.96,6.96,6.9400000000000004,6.9199999999999999,6.9000000000000004
1989-07-31,6.7300000000000004,6.71,6.71,6.71,6.7000000000000002
1989-08-31,6.96,6.96,6.9699999999999998,6.9699999999999998,6.96
1989-09-30,7.3899999999999997,7.3700000000000001,7.3300000000000001,7.2800000000000002,7.2199999999999998
1989-10-31,7.7599999999999998,7.6500000000000004,7.5499999999999998,7.4699999999999998,7.3899999999999997
1989-11-30,7.9199999999999999,7.8399999999999999,7.8200000000000003,7.79,7.7400000000000002
1989-12-31,7.6799999999999997,7.6600000000000001,7.7000000000000002,7.7000000000000002,7.6600000000000001
1990-01-31,8.1400000000000006,8.1199999999999992,8.1300000000000008,8.1400000000000006,8.1300000000000008
1990-02-28,8.7599999999999998,8.8599999999999994,8.9199999999999999,8.9499999999999993,8.9600000000000009
1990-03-31,8.6500000000000004,8.8200000000000003,8.8499999999999996,8.8300000000000001,8.7899999999999991
1990-04-30,8.7400000000000002,8.9199999999999999,9.0099999999999998,9.0500000000000007,9.0600000000000005
1990-05-31,8.6400000000000006,8.8399999999999999,8.9399999999999995,8.9800000000000004,9
1990-06-30,8.5500000000000007,8.7200000000000006,8.8200000000000003,8.8699999999999992,8.9000000000000004
1990-07-31,8.4499999999999993,8.5600000000000005,8.6099999999999994,8.6400000000000006,8.6500000000000004
1990-08-31,8.8100000000000005,8.9199999999999999,9,9.0500000000000007,9.0800000000000001
1990-09-30,8.7899999999999991,8.9600000000000009,9.0899999999999999,9.1799999999999997,9.2400000000000002
1990-10-31,8.6400000000000006,8.8300000000000001,8.9600000000000009,9.0399999999999991,9.0899999999999999
1990-11-30,8.9000000000000004,8.9499999999999993,9.0299999999999994,9.0700000000000003,9.0800000000000001
1990-12-31,9.0299999999999994,9.0299999999999994,9.0600000000000005,9.0700000000000003,9.0700000000000003
1991-01-31,8.9700000000000006,8.9900000000000002,9.0099999999999998,9.0099999999999998,8.9800000000000004
1991-02-28,8.6899999999999995,8.6300000000000008,8.6099999999999994,8.5999999999999996,8.5700000000000003
1991-03-31,8.7699999999999996,8.6799999999999997,8.6899999999999995,8.7100000000000009,8.7100000000000009
1991-04-30,8.8699999999999992,8.7400000000000002,8.7300000000000004,8.6999999999999993,8.6300000000000008
1991-05-31,8.6899999999999995,8.6400000000000006,8.5899999999999999,8.5299999999999994,8.4700000000000006
1991-06-30,8.8499999999999996,8.8000000000000007,8.8000000000000007,8.7699999999999996,8.7300000000000004
1991-07-31,9.1099999999999994,9.0899999999999999,9.0899999999999999,9.0399999999999991,8.9700000000000006
1991-08-31,8.8399999999999999,8.8900000000000006,8.8900000000000006,8.8300000000000001,8.75
1991-09-30,8.8399999999999999,8.9199999999999999,8.9299999999999997,8.8499999999999996,8.75
1991-10-31,9.0500000000000007,8.9900000000000002,8.9199999999999999,8.8300000000000001,8.7300000000000004
1991-11-30,9.0700000000000003,9,8.9100000000000001,8.8100000000000005,8.6799999999999997
1991-12-31,9.0099999999999998,8.9700000000000006,8.8000000000000007,8.6199999999999992,8.4600000000000009
1992-01-31,8.8300000000000001,8.5,8.3200000000000003,8.1899999999999995,8.0800000000000001
1992-02-29,8.7899999999999991,8.5500000000000007,8.3699999999999992,8.1899999999999995,8.0500000000000007
1992-03-31,9,8.8100000000000005,8.6199999999999992,8.4399999999999995,8.2799999999999994
1992-04-30,8.9499999999999993,8.9299999999999997,8.7200000000000006,8.4800000000000004,8.2899999999999991
1992-05-31,8.9900000000000002,8.8900000000000006,8.6400000000000006,8.4000000000000004,8.2200000000000006
1992-06-30,9.0800000000000001,9.0099999999999998,8.7699999999999996,8.5199999999999996,8.3399999999999999
1992-07-31,9.3100000000000005,9.1099999999999994,8.8800000000000008,8.6600000000000001,8.4700000000000006
1992-08-31,9.4700000000000006,9.0999999999999996,8.7699999999999996,8.5099999999999998,8.3200000000000003
1992-09-30,8.2899999999999991,8.1199999999999992,7.9800000000000004,7.8700000000000001,7.7699999999999996
1992-10-31,7.7199999999999998,7.4800000000000004,7.3499999999999996,7.29,7.2599999999999998
1992-11-30,7.5999999999999996,7.3300000000000001,7.2599999999999998,7.2300000000000004,7.21
1992-12-31,7.5800000000000001,7.1600000000000001,7,6.96,6.96
1993-01-31,7.3200000000000003,7.0099999999999998,6.8799999999999999,6.8399999999999999,6.8399999999999999
1993-02-28,6.8099999999999996,6.3600000000000003,6.25,6.2599999999999998,6.3200000000000003
1993-03-31,6.5499999999999998,6.21,6.1799999999999997,6.2300000000000004,6.3200000000000003
1993-04-30,6.75,6.3600000000000003,6.2999999999999998,6.3600000000000003,6.4500000000000002
1993-05-31,6.6600000000000001,6.3799999999999999,6.3399999999999999,6.4100000000000001,6.5
1993-06-30,6.5899999999999999,6.21,6.1600000000000001,6.2300000000000004,6.3300000000000001
1993-07-31,6.29,5.9299999999999997,5.9299999999999997,6.04,6.1699999999999999
1993-08-31,5.96,5.7400000000000002,5.7300000000000004,5.7999999999999998,5.8899999999999997
1993-09-30,5.9299999999999997,5.6600000000000001,5.6100000000000003,5.6699999999999999,5.7699999999999996
1993-10-31,5.6600000000000001,5.3300000000000001,5.2800000000000002,5.3499999999999996,5.4699999999999998
1993-11-30,5.3799999999999999,5.1200000000000001,5.0999999999999996,5.2000000000000002,5.3499999999999996
1993-12-31,5.29,4.9500000000000002,4.9100000000000001,5.0099999999999998,5.1600000000000001
1994-01-31,5.2300000000000004,5,5,5.0999999999999996,5.25
1994-02-28,5.5800000000000001,5.5099999999999998,5.5700000000000003,5.7000000000000002,5.8600000000000003
1994-03-31,5.4699999999999998,5.4699999999999998,5.6100000000000003,5.7999999999999998,5.9900000000000002
1994-04-30,5.3700000000000001,5.5499999999999998,5.8099999999999996,6.0599999999999996,6.29
1994-05-31,5.2699999999999996,5.5999999999999996,5.9500000000000002,6.2599999999999998,6.5300000000000002
1994-06-30,5.25,5.7400000000000002,6.1399999999999997,6.4400000000000004,6.6699999999999999
1994-07-31,5.2000000000000002,5.6299999999999999,6.0300000000000002,6.3499999999999996,6.6100000000000003
1994-08-31,5.3799999999999999,5.9299999999999997,6.3600000000000003,6.6900000000000004,6.9400000000000004
1994-09-30,5.7599999999999998,6.3799999999999999,6.7699999999999996,7.0599999999999996,7.2800000000000002
1994-10-31,5.6299999999999999,6.2599999999999998,6.7199999999999998,7.0499999999999998,7.2800000000000002
1994-11-30,5.6799999999999997,6.2599999999999998,6.6799999999999997,6.9800000000000004,7.1799999999999997
1994-12-31,5.9400000000000004,6.6500000000000004,7.0599999999999996,7.3099999999999996,7.4800000000000004
1995-01-31,5.6900000000000004,6.3399999999999999,6.7800000000000002,7.0599999999999996,7.2400000000000002
1995-02-28,5.6699999999999999,6.2400000000000002,6.6200000000000001,6.8899999999999997,7.0800000000000001
1995-03-31,5.0700000000000003,5.54,5.9800000000000004,6.3499999999999996,6.6500000000000004
1995-04-30,4.8899999999999997,5.4000000000000004,5.8300000000000001,6.1900000000000004,6.4900000000000002
1995-05-31,4.5599999999999996,4.8899999999999997,5.29,5.6699999999999999,5.9900000000000002
1995-06-30,4.8099999999999996,5.2800000000000002,5.7400000000000002,6.1399999999999997,6.4800000000000004
1995-07-31,4.6100000000000003,5.0499999999999998,5.5099999999999998,5.9199999999999999,6.2599999999999998
1995-08-31,4.3600000000000003,4.7800000000000002,5.2800000000000002,5.7300000000000004,6.0899999999999999
1995-09-30,4.0800000000000001,4.54,5.0800000000000001,5.5599999999999996,5.9699999999999998
1995-10-31,4.04,4.4100000000000001,4.8899999999999997,5.3399999999999999,5.7300000000000004
1995-11-30,3.7999999999999998,4.0599999999999996,4.5,4.9500000000000002,5.3700000000000001
1995-12-31,3.6099999999999999,3.8599999999999999,4.3099999999999996,4.7800000000000002,5.1900000000000004
1996-01-31,3.2599999999999998,3.6499999999999999,4.1600000000000001,4.6399999999999997,5.0499999999999998
1996-02-29,3.4199999999999999,3.9900000000000002,4.5999999999999996,5.1299999999999999,5.5700000000000003
1996-03-31,3.3999999999999999,4.0099999999999998,4.6299999999999999,5.1600000000000001,5.5999999999999996
1996-04-30,3.2599999999999998,3.7999999999999998,4.4100000000000001,4.96,5.4199999999999999
1996-05-31,3.4199999999999999,3.9399999999999999,4.5199999999999996,5.0599999999999996,5.5199999999999996
1996-06-30,3.6499999999999999,4.29,4.8600000000000003,5.3700000000000001,5.7800000000000002
1996-07-31,3.5299999999999998,4.0899999999999999,4.6799999999999997,5.1900000000000004,5.6100000000000003
1996-08-31,3.3399999999999999,3.8799999999999999,4.4800000000000004,5.0300000000000002,5.4900000000000002
1996-09-30,3.23,3.7400000000000002,4.2999999999999998,4.8099999999999996,5.2400000000000002
1996-10-31,3.2999999999999998,3.7400000000000002,4.2599999999999998,4.75,5.1699999999999999
1996-11-30,3.2799999999999998,3.6299999999999999,4.0599999999999996,4.4900000000000002,4.8799999999999999
1996-12-31,3.1899999999999999,3.5499999999999998,4.0300000000000002,4.5099999999999998,4.9299999999999997
1997-01-31,3.1499999999999999,3.4700000000000002,3.9100000000000001,4.3799999999999999,4.7999999999999998
1997-02-28,3.3100000000000001,3.5499999999999998,3.9100000000000001,4.29,4.6600000000000001
1997-03-31,3.3700000000000001,3.75,4.1900000000000004,4.6299999999999999,5.0099999999999998
1997-04-30,3.3100000000000001,3.6600000000000001,4.0899999999999999,4.5199999999999996,4.9100000000000001
1997-05-31,3.3100000000000001,3.7200000000000002,4.1799999999999997,4.6200000000000001,5.0099999999999998
1997-06-30,3.21,3.54,3.9500000000000002,4.3700000000000001,4.75
1997-07-31,3.3900000000000001,3.7799999999999998,4.1500000000000004,4.4800000000000004,4.7800000000000002
1997-08-31,3.5299999999999998,3.96,4.3600000000000003,4.7000000000000002,5
1997-09-30,3.6699999999999999,4.0899999999999999,4.4299999999999997,4.7199999999999998,4.96
1997-10-31,3.9900000000000002,4.3899999999999997,4.7000000000000002,4.9500000000000002,5.1500000000000004
1997-11-30,4,4.3399999999999999,4.6299999999999999,4.8799999999999999,5.0899999999999999
1997-12-31,3.8599999999999999,4.2000000000000002,4.4800000000000004,4.7000000000000002,4.8899999999999997
1998-01-31,3.6600000000000001,3.9300000000000002,4.1799999999999997,4.4000000000000004,4.5999999999999996
1998-02-28,3.6699999999999999,3.9399999999999999,4.1699999999999999,4.3600000000000003,4.5300000000000002
1998-03-31,3.79,4.0899999999999999,4.3099999999999996,4.4800000000000004,4.6200000000000001
1998-04-30,3.9100000000000001,4.2199999999999998,4.46,4.6399999999999997,4.7999999999999998
1998-05-31,3.75,4.0300000000000002,4.2599999999999998,4.4400000000000004,4.5999999999999996
1998-06-30,3.8100000000000001,4.0199999999999996,4.1600000000000001,4.3200000000000003,4.4699999999999998
1998-07-31,3.73,3.9700000000000002,4.1600000000000001,4.2999999999999998,4.4199999999999999
1998-08-31,3.4500000000000002,3.54,3.6600000000000001,3.7799999999999998,3.9100000000000001
1998-09-30,3.4500000000000002,3.48,3.5600000000000001,3.6400000000000001,3.73
1998-10-31,3.3599999999999999,3.3799999999999999,3.4900000000000002,3.6299999999999999,3.77
1998-11-30,3.29,3.3100000000000001,3.3900000000000001,3.5099999999999998,3.6400000000000001
1998-12-31,3.0600000000000001,3.1400000000000001,3.25,3.3700000000000001,3.5
1999-01-31,2.8599999999999999,2.8900000000000001,3,3.1299999999999999,3.2599999999999998
1999-02-28,2.9900000000000002,3.1299999999999999,3.29,3.4500000000000002,3.6000000000000001
1999-03-31,2.8399999999999999,2.9399999999999999,3.1000000000000001,3.29,3.48
1999-04-30,2.6000000000000001,2.73,2.8999999999999999,3.0699999999999998,3.2599999999999998
1999-05-31,2.6499999999999999,2.8399999999999999,3.0499999999999998,3.27,3.48
1999-06-30,2.8999999999999999,3.27,3.5699999999999998,3.8300000000000001,4.04
1999-07-31,3.0099999999999998,3.46,3.8100000000000001,4.0800000000000001,4.2999999999999998
1999-08-31,3.1600000000000001,3.6200000000000001,3.9700000000000002,4.25,4.4699999999999998
1999-09-30,3.1800000000000002,3.73,4.1399999999999997,4.4500000000000002,4.6799999999999997
1999-10-31,3.5600000000000001,4.04,4.3899999999999997,4.6600000000000001,4.8700000000000001
1999-11-30,3.6699999999999999,4.0999999999999996,4.4299999999999997,4.6799999999999997,4.8600000000000003
1999-12-31,3.7799999999999998,4.2599999999999998,4.5899999999999999,4.8200000000000003,4.9900000000000002
2000-01-31,3.9700000000000002,4.4800000000000004,4.8399999999999999,5.0999999999999996,5.29
2000-02-29,4.0700000000000003,4.5099999999999998,4.8300000000000001,5.0499999999999998,5.21
2000-03-31,4.1600000000000001,4.4800000000000004,4.71,4.8799999999999999,5
2000-04-30,4.4299999999999997,4.7000000000000002,4.8700000000000001,5.0099999999999998,5.1299999999999999
2000-05-31,4.8399999999999999,5.0199999999999996,5.0999999999999996,5.1500000000000004,5.2000000000000002
2000-06-30,4.8700000000000001,4.9900000000000002,5.04,5.0800000000000001,5.1200000000000001
2000-07-31,5.0499999999999998,5.1600000000000001,5.1900000000000004,5.21,5.2199999999999998
2000-08-31,5.1699999999999999,5.2599999999999998,5.3099999999999996,5.3300000000000001,5.3399999999999999
2000-09-30,5.0599999999999996,5.0999999999999996,5.1399999999999997,5.1600000000000001,5.1900000000000004
2000-10-31,5.1299999999999999,5.1200000000000001,5.1299999999999999,5.1399999999999997,5.1699999999999999
2000-11-30,4.9699999999999998,4.9000000000000004,4.8799999999999999,4.8899999999999997,4.9199999999999999
2000-12-31,4.6100000000000003,4.5099999999999998,4.5300000000000002,4.5899999999999999,4.6600000000000001
2001-01-31,4.4299999999999997,4.3899999999999997,4.4500000000000002,4.5199999999999996,4.5899999999999999
2001-02-28,4.46,4.3600000000000003,4.3899999999999997,4.4500000000000002,4.5099999999999998
2001-03-31,4.2599999999999998,4.2000000000000002,4.25,4.3300000000000001,4.4100000000000001
2001-04-30,4.6699999999999999,4.6100000000000003,4.6299999999999999,4.6900000000000004,4.7699999999999996
2001-05-31,4.3799999999999999,4.4100000000000001,4.5300000000000002,4.6600000000000001,4.7999999999999998
2001-06-30,4.29,4.2999999999999998,4.3799999999999999,4.5,4.6399999999999997
2001-07-31,4.1900000000000004,4.1500000000000004,4.2199999999999998,4.3399999999999999,4.4800000000000004
2001-08-31,3.96,3.9100000000000001,4.0199999999999996,4.1699999999999999,4.3300000000000001
2001-09-30,3.4199999999999999,3.5,3.71,3.9500000000000002,4.1799999999999997
2001-10-31,3.1499999999999999,3.1899999999999999,3.4199999999999999,3.6600000000000001,3.8799999999999999
2001-11-30,3.21,3.4300000000000002,3.71,3.96,4.1600000000000001
2001-12-31,3.3199999999999998,3.7000000000000002,4.0300000000000002,4.2999999999999998,4.5099999999999998
2002-01-31,3.6000000000000001,4.0199999999999996,4.3099999999999996,4.5199999999999996,4.6699999999999999
2002-02-28,3.5499999999999998,3.9100000000000001,4.2000000000000002,4.4199999999999999,4.5899999999999999
2002-03-31,3.8599999999999999,4.2999999999999998,4.5999999999999996,4.7999999999999998,4.9500000000000002
2002-04-30,3.73,4.0999999999999996,4.3899999999999997,4.6100000000000003,4.7800000000000002
2002-05-31,3.9100000000000001,4.2699999999999996,4.5,4.6799999999999997,4.8200000000000003
2002-06-30,3.6800000000000002,3.9900000000000002,4.2400000000000002,4.4400000000000004,4.5999999999999996
2002-07-31,3.4500000000000002,3.7000000000000002,3.9500000000000002,4.1799999999999997,4.3799999999999999
2002-08-31,3.2999999999999998,3.4900000000000002,3.7200000000000002,3.9399999999999999,4.1200000000000001
2002-09-30,3.0299999999999998,3.1600000000000001,3.3799999999999999,3.6000000000000001,3.7999999999999998
2002-10-31,3.02,3.2000000000000002,3.46,3.7200000000000002,3.9399999999999999
2002-11-30,2.9500000000000002,3.1600000000000001,3.4199999999999999,3.6899999999999999,3.9300000000000002
2002-12-31,2.6299999999999999,2.79,3.0499999999999998,3.3199999999999998,3.5699999999999998
2003-01-31,2.52,2.6299999999999999,2.8799999999999999,3.1400000000000001,3.3799999999999999
2003-02-28,2.3300000000000001,2.4199999999999999,2.6400000000000001,2.8999999999999999,3.1699999999999999
2003-03-31,2.2999999999999998,2.48,2.7799999999999998,3.0699999999999998,3.3399999999999999
2003-04-30,2.3900000000000001,2.5600000000000001,2.8199999999999998,3.1099999999999999,3.3900000000000001
2003-05-31,2.0699999999999998,2.1600000000000001,2.3799999999999999,2.6400000000000001,2.8999999999999999
2003-06-30,2,2.21,2.4900000000000002,2.7799999999999998,3.0600000000000001
2003-07-31,2.0899999999999999,2.4100000000000001,2.75,3.0499999999999998,3.3199999999999998
2003-08-31,2.3199999999999998,2.7000000000000002,3.0299999999999998,3.3100000000000001,3.5499999999999998
2003-09-30,2.0899999999999999,2.3700000000000001,2.6800000000000002,2.9900000000000002,3.2799999999999998
2003-10-31,2.3399999999999999,2.77,3.1400000000000001,3.4500000000000002,3.7000000000000002
2003-11-30,2.4100000000000001,2.8500000000000001,3.23,3.54,3.8100000000000001
2003-12-31,2.2599999999999998,2.6600000000000001,3.0299999999999998,3.3500000000000001,3.6200000000000001
2004-01-31,2.1899999999999999,2.5600000000000001,2.9300000000000002,3.2599999999999998,3.5600000000000001
2004-02-29,2.02,2.2999999999999998,2.6299999999999999,2.9500000000000002,3.25
2004-03-31,1.9299999999999999,2.1899999999999999,2.52,2.8500000000000001,3.1600000000000001
2004-04-30,2.1699999999999999,2.5600000000000001,2.9399999999999999,3.25,3.52
2004-05-31,2.2999999999999998,2.6800000000000002,3.0299999999999998,3.3399999999999999,3.6099999999999999
2004-06-30,2.3599999999999999,2.79,3.1499999999999999,3.4500000000000002,3.7000000000000002
2004-07-31,2.3199999999999998,2.7000000000000002,3.0499999999999998,3.3399999999999999,3.6000000000000001
2004-08-31,2.2200000000000002,2.5299999999999998,2.8599999999999999,3.1600000000000001,3.4100000000000001
2004-09-30,2.3199999999999998,2.6099999999999999,2.8900000000000001,3.1499999999999999,3.3700000000000001
2004-10-31,2.27,2.52,2.77,3.0099999999999998,3.23
2004-11-30,2.2200000000000002,2.4100000000000001,2.6400000000000001,2.8799999999999999,3.1000000000000001
2004-12-31,2.2799999999999998,2.5299999999999998,2.7599999999999998,2.96,3.1400000000000001
2005-01-31,2.2200000000000002,2.4399999999999999,2.6499999999999999,2.8500000000000001,3.02
2005-02-28,2.27,2.5699999999999998,2.7999999999999998,3,3.1800000000000002
2005-03-31,2.29,2.5499999999999998,2.7799999999999998,2.98,3.1600000000000001
2005-04-30,2.1000000000000001,2.27,2.4700000000000002,2.6600000000000001,2.8500000000000001
2005-05-31,2.1000000000000001,2.21,2.3799999999999999,2.5499999999999998,2.7200000000000002
2005-06-30,1.98,2.04,2.1899999999999999,2.3799999999999999,2.5600000000000001
2005-07-31,2.1400000000000001,2.27,2.4199999999999999,2.5699999999999998,2.71
2005-08-31,2.1400000000000001,2.25,2.3799999999999999,2.52,2.6600000000000001
2005-09-30,2.23,2.3900000000000001,2.5299999999999998,2.6699999999999999,2.79
2005-10-31,2.4100000000000001,2.6099999999999999,2.79,2.9300000000000002,3.0600000000000001
2005-11-30,2.6400000000000001,2.7799999999999998,2.9100000000000001,3.02,3.1200000000000001
2005-12-31,2.71,2.8599999999999999,2.9500000000000002,3.02,3.0800000000000001
2006-01-31,2.77,2.9700000000000002,3.1000000000000001,3.2000000000000002,3.2799999999999998
2006-02-28,2.8500000000000001,3.0499999999999998,3.1600000000000001,3.2400000000000002,3.3199999999999998
2006-03-31,3.0800000000000001,3.3100000000000001,3.4300000000000002,3.5099999999999998,3.5899999999999999
2006-04-30,3.1699999999999999,3.4399999999999999,3.5899999999999999,3.7000000000000002,3.79
2006-05-31,3.2000000000000002,3.4100000000000001,3.52,3.6099999999999999,3.7000000000000002
2006-06-30,3.3799999999999999,3.6099999999999999,3.7200000000000002,3.7999999999999998,3.8799999999999999
2006-07-31,3.3900000000000001,3.5499999999999998,3.6200000000000001,3.6800000000000002,3.7400000000000002
2006-08-31,3.48,3.54,3.5600000000000001,3.5899999999999999,3.6299999999999999
2006-09-30,3.5600000000000001,3.5600000000000001,3.5499999999999998,3.5600000000000001,3.5800000000000001
2006-10-31,3.7000000000000002,3.71,3.71,3.7200000000000002,3.7400000000000002
2006-11-30,3.7000000000000002,3.6800000000000002,3.6499999999999999,3.6499999999999999,3.6600000000000001
2006-12-31,3.8500000000000001,3.8900000000000001,3.8999999999999999,3.8999999999999999,3.9100000000000001
2007-01-31,3.9500000000000002,3.9900000000000002,4,4.0199999999999996,4.04
2007-02-28,3.9199999999999999,3.8900000000000001,3.8700000000000001,3.8799999999999999,3.8999999999999999
2007-03-31,4.0199999999999996,4.0199999999999996,4.0099999999999998,4,4
2007-04-30,4.1399999999999997,4.1699999999999999,4.1699999999999999,4.1699999999999999,4.1799999999999997
2007-05-31,4.3300000000000001,4.3899999999999997,4.3899999999999997,4.3899999999999997,4.3899999999999997
2007-06-30,4.3899999999999997,4.4800000000000004,4.5,4.5099999999999998,4.5199999999999996
2007-07-31,4.3600000000000003,4.3300000000000001,4.3099999999999996,4.3099999999999996,4.3200000000000003
2007-08-31,4.1100000000000003,4.0700000000000003,4.0899999999999999,4.1200000000000001,4.1600000000000001
2007-09-30,4.0800000000000001,4.0899999999999999,4.1299999999999999,4.1699999999999999,4.2199999999999998
2007-10-31,4.1200000000000001,4.0700000000000003,4.0599999999999996,4.0800000000000001,4.1100000000000003
2007-11-30,3.9399999999999999,3.8100000000000001,3.7999999999999998,3.8399999999999999,3.8999999999999999
2007-12-31,4.0700000000000003,4.0800000000000001,4.1100000000000003,4.1500000000000004,4.2000000000000002
2008-01-31,3.6299999999999999,3.46,3.4700000000000002,3.5299999999999998,3.6299999999999999
2008-02-29,3.48,3.21,3.21,3.3199999999999998,3.46
2008-03-31,3.71,3.5600000000000001,3.5600000000000001,3.6200000000000001,3.6899999999999999
2008-04-30,3.9500000000000002,3.8300000000000001,3.8500000000000001,3.8999999999999999,3.98
2008-05-31,4.3200000000000003,4.3200000000000003,4.2999999999999998,4.2999999999999998,4.3200000000000003
2008-06-30,4.5999999999999996,4.6200000000000001,4.5800000000000001,4.5599999999999996,4.5700000000000003
2008-07-31,4.4400000000000004,4.3799999999999999,4.3499999999999996,4.3499999999999996,4.3600000000000003
2008-08-31,4.2800000000000002,4.1399999999999997,4.0599999999999996,4.0199999999999996,4.0300000000000002
2008-09-30,3.2400000000000002,3.4700000000000002,3.5299999999999998,3.6099999999999999,3.7200000000000002
2008-10-31,2.3900000000000001,2.5,2.73,2.98,3.2200000000000002
2008-11-30,1.98,2.1299999999999999,2.3100000000000001,2.5099999999999998,2.7000000000000002
2008-12-31,1.6100000000000001,1.8300000000000001,2.04,2.2599999999999998,2.46
2009-01-31,1.22,1.5900000000000001,1.95,2.27,2.5699999999999998
2009-02-28,1.05,1.3700000000000001,1.7,2.02,2.3199999999999998
2009-03-31,0.92000000000000004,1.3,1.6599999999999999,1.99,2.29
2009-04-30,0.98999999999999999,1.4199999999999999,1.8100000000000001,2.1600000000000001,2.48
2009-05-31,0.91000000000000003,1.4099999999999999,1.9199999999999999,2.3599999999999999,2.73
2009-06-30,0.83999999999999997,1.4099999999999999,1.8799999999999999,2.27,2.6099999999999999
2009-07-31,0.72999999999999998,1.4199999999999999,1.9099999999999999,2.2999999999999998,2.6099999999999999
2009-08-31,0.72999999999999998,1.3799999999999999,1.8899999999999999,2.27,2.5699999999999998
2009-09-30,0.71999999999999997,1.3100000000000001,1.8100000000000001,2.21,2.5299999999999998
2009-10-31,0.84999999999999998,1.4099999999999999,1.8500000000000001,2.2200000000000002,2.54
2009-11-30,0.80000000000000004,1.27,1.6699999999999999,2.02,2.3199999999999998
2009-12-31,0.77000000000000002,1.3300000000000001,1.79,2.1800000000000002,2.52
2010-01-31,0.68999999999999995,1.1899999999999999,1.6200000000000001,2,2.3300000000000001
2010-02-28,0.51000000000000001,0.93000000000000005,1.3799999999999999,1.8,2.1699999999999999
2010-03-31,0.54000000000000004,0.96999999999999997,1.4199999999999999,1.8300000000000001,2.1899999999999999
2010-04-30,0.47999999999999998,0.82999999999999996,1.26,1.6899999999999999,2.0699999999999998
2010-05-31,0.23000000000000001,0.48999999999999999,0.84999999999999998,1.24,1.6100000000000001
2010-06-30,0.28999999999999998,0.52000000000000002,0.82999999999999996,1.1899999999999999,1.54
2010-07-31,0.54000000000000004,0.81000000000000005,1.1299999999999999,1.46,1.78
2010-08-31,0.41999999999999998,0.57999999999999996,0.81000000000000005,1.0700000000000001,1.3200000000000001
2010-09-30,0.59999999999999998,0.78000000000000003,1,1.24,1.48
2010-10-31,0.85999999999999999,1.02,1.26,1.52,1.78
2010-11-30,0.67000000000000004,0.88,1.1799999999999999,1.49,1.8
2010-12-31,0.56000000000000005,0.87,1.25,1.6299999999999999,1.99
2011-01-31,1.04,1.45,1.8200000000000001,2.1499999999999999,2.4399999999999999
2011-02-28,1.1000000000000001,1.48,1.8200000000000001,2.1299999999999999,2.3999999999999999
2011-03-31,1.3200000000000001,1.8100000000000001,2.1600000000000001,2.46,2.71
2011-04-30,1.46,1.8700000000000001,2.1800000000000002,2.4399999999999999,2.6699999999999999
2011-05-31,1.3999999999999999,1.6599999999999999,1.9099999999999999,2.1499999999999999,2.3799999999999999
2011-06-30,1.3899999999999999,1.6100000000000001,1.8300000000000001,2.0600000000000001,2.27
2011-07-31,1.1100000000000001,1.27,1.46,1.6599999999999999,1.8700000000000001
2011-08-31,0.65000000000000002,0.68000000000000005,0.87,1.1100000000000001,1.3600000000000001
2011-09-30,0.38,0.58999999999999997,0.81000000000000005,1.03,1.24
2011-10-31,0.41999999999999998,0.58999999999999997,0.80000000000000004,1.03,1.26
2011-11-30,0.10000000000000001,0.40000000000000002,0.70999999999999996,1.02,1.3200000000000001
2011-12-31,-0.02,0.14000000000000001,0.35999999999999999,0.60999999999999999,0.87
2012-01-31,0.089999999999999997,0.19,0.35999999999999999,0.58999999999999997,0.83999999999999997
2012-02-29,0.13,0.22,0.39000000000000001,0.60999999999999999,0.84999999999999998
2012-03-31,0.12,0.22,0.39000000000000001,0.62,0.85999999999999999
2012-04-30,0.040000000000000001,0.089999999999999997,0.23000000000000001,0.42999999999999999,0.66000000000000003
2012-05-31,0,0.01,0.11,0.26000000000000001,0.44
2012-06-30,0.029999999999999999,0.12,0.27000000000000002,0.46999999999999997,0.68000000000000005
2012-07-31,-0.10000000000000001,-0.080000000000000002,0.029999999999999999,0.20000000000000001,0.40999999999999998
2012-08-31,-0.059999999999999998,-0.040000000000000001,0.070000000000000007,0.23999999999999999,0.44
2012-09-30,-0.040000000000000001,0.01,0.14000000000000001,0.32000000000000001,0.53000000000000003
2012-10-31,-0.01,0.029999999999999999,0.14999999999999999,0.34000000000000002,0.55000000000000004
2012-11-30,-0.029999999999999999,-0.02,0.089999999999999997,0.25,0.45000000000000001
2012-12-31,-0.040000000000000001,-0.040000000000000001,0.050000000000000003,0.20000000000000001,0.39000000000000001
2013-01-31,0.14000000000000001,0.26000000000000001,0.40999999999999998,0.57999999999999996,0.77000000000000002
2013-02-28,-0.01,0.02,0.12,0.28999999999999998,0.47999999999999998
2013-03-31,-0.029999999999999999,-0.070000000000000007,0,0.14000000000000001,0.31
2013-04-30,-0.01,-0.01,0.059999999999999998,0.19,0.34999999999999998
2013-05-31,-0.01,0.029999999999999999,0.14000000000000001,0.29999999999999999,0.5
2013-06-30,0.059999999999999998,0.17000000000000001,0.33000000000000002,0.53000000000000003,0.73999999999999999
2013-07-31,0.059999999999999998,0.14000000000000001,0.29999999999999999,0.5,0.70999999999999996
2013-08-31,0.080000000000000002,0.20000000000000001,0.39000000000000001,0.60999999999999999,0.84999999999999998
2013-09-30,0.070000000000000007,0.13,0.27000000000000002,0.46000000000000002,0.68999999999999995
2013-10-31,0.080000000000000002,0.12,0.25,0.44,0.65000000000000002
2013-11-30,0.070000000000000007,0.11,0.23999999999999999,0.44,0.66000000000000003
2013-12-31,0.13,0.23999999999999999,0.44,0.68999999999999995,0.94999999999999996
2014-01-31,0.059999999999999998,0.080000000000000002,0.20000000000000001,0.39000000000000001,0.60999999999999999
2014-02-28,0.080000000000000002,0.11,0.23000000000000001,0.40000000000000002,0.60999999999999999
2014-03-31,0.13,0.14000000000000001,0.25,0.40999999999999998,0.60999999999999999
2014-04-30,0.13,0.14999999999999999,0.25,0.40999999999999998,0.59999999999999998
2014-05-31,0.050000000000000003,0.040000000000000001,0.13,0.27000000000000002,0.44
2014-06-30,0,0.01,0.089999999999999997,0.22,0.38
2014-07-31,0,0,0.070000000000000007,0.19,0.34999999999999998
2014-08-31,-0.029999999999999999,-0.040000000000000001,0.01,0.11,0.23000000000000001
2014-09-30,-0.080000000000000002,-0.10000000000000001,-0.050000000000000003,0.050000000000000003,0.19
2014-10-31,-0.040000000000000001,-0.040000000000000001,-0.040000000000000001,0.029999999999999999,0.14999999999999999
2014-11-30,-0.02,-0.029999999999999999,-0.040000000000000001,0.01,0.10000000000000001
2014-12-31,-0.10000000000000001,-0.10000000000000001,-0.10000000000000001,-0.059999999999999998,0.02
2015-01-31,-0.16,-0.16,-0.16,-0.12,-0.070000000000000007
2015-02-28,-0.20999999999999999,-0.23999999999999999,-0.23000000000000001,-0.17999999999999999,-0.12
2015-03-31,-0.25,-0.23999999999999999,-0.20999999999999999,-0.17000000000000001,-0.11
2015-04-30,-0.26000000000000001,-0.22,-0.17000000000000001,-0.089999999999999997,-0.02
2015-05-31,-0.25,-0.23000000000000001,-0.17999999999999999,-0.089999999999999997,0.01
2015-06-30,-0.27000000000000002,-0.23999999999999999,-0.16,-0.029999999999999999,0.11
2015-07-31,-0.27000000000000002,-0.26000000000000001,-0.19,-0.10000000000000001,0.029999999999999999
2015-08-31,-0.25,-0.22,-0.14999999999999999,-0.050000000000000003,0.070000000000000007
2015-09-30,-0.27000000000000002,-0.26000000000000001,-0.20000000000000001,-0.11,-0.01
2015-10-31,-0.34000000000000002,-0.34000000000000002,-0.28999999999999998,-0.20000000000000001,-0.10000000000000001
2015-11-30,-0.40999999999999998,-0.41999999999999998,-0.38,-0.28999999999999998,-0.17999999999999999
2015-12-31,-0.39000000000000001,-0.34999999999999998,-0.26000000000000001,-0.14000000000000001,-0.01
2016-01-31,-0.46000000000000002,-0.47999999999999998,-0.44,-0.35999999999999999,-0.26000000000000001
2016-02-29,-0.53000000000000003,-0.56000000000000005,-0.55000000000000004,-0.48999999999999999,-0.41999999999999998
2016-03-31,-0.5,-0.52000000000000002,-0.48999999999999999,-0.42999999999999999,-0.35999999999999999
2016-04-30,-0.51000000000000001,-0.5,-0.47999999999999998,-0.41999999999999998,-0.33000000000000002
2016-05-31,-0.53000000000000003,-0.53000000000000003,-0.51000000000000001,-0.46000000000000002,-0.38
2016-06-30,-0.65000000000000002,-0.66000000000000003,-0.65000000000000002,-0.60999999999999999,-0.55000000000000004
2016-07-31,-0.60999999999999999,-0.64000000000000001,-0.64000000000000001,-0.60999999999999999,-0.54000000000000004
2016-08-31,-0.62,-0.64000000000000001,-0.64000000000000001,-0.62,-0.56000000000000005
2016-09-30,-0.69999999999999996,-0.71999999999999997,-0.71999999999999997,-0.68999999999999995,-0.63
2016-10-31,-0.67000000000000004,-0.63,-0.58999999999999997,-0.52000000000000002,-0.41999999999999998
2016-11-30,-0.83999999999999997,-0.80000000000000004,-0.69999999999999996,-0.57999999999999996,-0.45000000000000001
2016-12-31,-0.83999999999999997,-0.80000000000000004,-0.76000000000000001,-0.65000000000000002,-0.51000000000000001
2017-01-31,-0.69999999999999996,-0.69999999999999996,-0.62,-0.47999999999999998,-0.31
2017-02-28,-0.92000000000000004,-0.92000000000000004,-0.85999999999999999,-0.73999999999999999,-0.58999999999999997
2017-03-31,-0.76000000000000001,-0.73999999999999999,-0.66000000000000003,-0.54000000000000004,-0.39000000000000001
2017-04-30,-0.79000000000000004,-0.73999999999999999,-0.65000000000000002,-0.52000000000000002,-0.37
2017-05-31,-0.77000000000000002,-0.73999999999999999,-0.68000000000000005,-0.56000000000000005,-0.41999999999999998
2017-06-30,-0.66000000000000003,-0.59999999999999998,-0.51000000000000001,-0.38,-0.23000000000000001
2017-07-31,-0.71999999999999997,-0.68000000000000005,-0.56000000000000005,-0.40000000000000002,-0.23000000000000001
2017-08-31,-0.77000000000000002,-0.73999999999999999,-0.66000000000000003,-0.53000000000000003,-0.37
2017-09-30,-0.76000000000000001,-0.72999999999999998,-0.63,-0.46999999999999997,-0.29999999999999999
2017-10-31,-0.81000000000000005,-0.77000000000000002,-0.66000000000000003,-0.52000000000000002,-0.34999999999999998
2017-11-30,-0.77000000000000002,-0.70999999999999996,-0.58999999999999997,-0.45000000000000001,-0.28999999999999998
2017-12-31,-0.71999999999999997,-0.64000000000000001,-0.5,-0.34000000000000002,-0.17999999999999999
2018-01-31,-0.66000000000000003,-0.54000000000000004,-0.34999999999999998,-0.16,0.029999999999999999
2018-02-28,-0.66000000000000003,-0.56000000000000005,-0.37,-0.17000000000000001,0.02
2018-03-31,-0.68999999999999995,-0.59999999999999998,-0.45000000000000001,-0.28000000000000003,-0.11
2018-04-30,-0.66000000000000003,-0.56000000000000005,-0.40999999999999998,-0.23000000000000001,-0.059999999999999998
2018-05-31,-0.68000000000000005,-0.65000000000000002,-0.54000000000000004,-0.39000000000000001,-0.23000000000000001
2018-06-30,-0.68999999999999995,-0.65000000000000002,-0.54000000000000004,-0.40000000000000002,-0.25
2018-07-31,-0.67000000000000004,-0.59999999999999998,-0.47999999999999998,-0.34000000000000002,-0.19
2018-08-31,-0.65000000000000002,-0.60999999999999999,-0.51000000000000001,-0.38,-0.25
2018-09-30,-0.62,-0.54000000000000004,-0.40000000000000002,-0.25,-0.089999999999999997
2018-10-31,-0.71999999999999997,-0.65000000000000002,-0.51000000000000001,-0.34999999999999998,-0.20000000000000001
2018-11-30,-0.68000000000000005,-0.64000000000000001,-0.53000000000000003,-0.40000000000000002,-0.26000000000000001
2018-12-31,-0.69999999999999996,-0.65000000000000002,-0.56000000000000005,-0.44,-0.31
2019-01-31,-0.58999999999999997,-0.56999999999999995,-0.51000000000000001,-0.42999999999999999,-0.33000000000000002
2019-02-28,-0.56999999999999995,-0.55000000000000004,-0.48999999999999999,-0.41999999999999998,-0.32000000000000001
2019-03-31,-0.60999999999999999,-0.62,-0.58999999999999997,-0.54000000000000004,-0.46999999999999997
2019-04-30,-0.58999999999999997,-0.59999999999999998,-0.56000000000000005,-0.48999999999999999,-0.40999999999999998
2019-05-31,-0.64000000000000001,-0.68999999999999995,-0.68999999999999995,-0.65000000000000002,-0.58999999999999997
2019-06-30,-0.69999999999999996,-0.75,-0.75,-0.70999999999999996,-0.66000000000000003
2019-07-31,-0.71999999999999997,-0.78000000000000003,-0.79000000000000004,-0.77000000000000002,-0.72999999999999998
2019-08-31,-0.84999999999999998,-0.92000000000000004,-0.94999999999999996,-0.94999999999999996,-0.93000000000000005
2019-09-30,-0.72999999999999998,-0.80000000000000004,-0.81999999999999995,-0.80000000000000004,-0.78000000000000003
2019-10-31,-0.67000000000000004,-0.68999999999999995,-0.68999999999999995,-0.67000000000000004,-0.64000000000000001
2019-11-30,-0.64000000000000001,-0.66000000000000003,-0.66000000000000003,-0.64000000000000001,-0.60999999999999999
2019-12-31,-0.68999999999999995,-0.63,-0.57999999999999996,-0.54000000000000004,-0.48999999999999999
2020-01-31,-0.64000000000000001,-0.68000000000000005,-0.68000000000000005,-0.67000000000000004,-0.64000000000000001
2020-02-29,-0.72999999999999998,-0.77000000000000002,-0.79000000000000004,-0.79000000000000004,-0.77000000000000002
2020-03-31,-0.68999999999999995,-0.69999999999999996,-0.70999999999999996,-0.69999999999999996,-0.68000000000000005
2020-04-30,-0.64000000000000001,-0.70999999999999996,-0.72999999999999998,-0.72999999999999998,-0.69999999999999996
2020-05-31,-0.59999999999999998,-0.63,-0.65000000000000002,-0.65000000000000002,-0.63
2020-06-30,-0.68000000000000005,-0.69999999999999996,-0.72999999999999998,-0.73999999999999999,-0.71999999999999997
2020-07-31,-0.69999999999999996,-0.75,-0.77000000000000002,-0.78000000000000003,-0.76000000000000001
2020-08-31,-0.65000000000000002,-0.67000000000000004,-0.68000000000000005,-0.68000000000000005,-0.65000000000000002
2020-09-30,-0.67000000000000004,-0.72999999999999998,-0.76000000000000001,-0.76000000000000001,-0.75
2020-10-31,-0.77000000000000002,-0.81999999999999995,-0.85999999999999999,-0.85999999999999999,-0.84999999999999998
2020-11-30,-0.71999999999999997,-0.77000000000000002,-0.79000000000000004,-0.80000000000000004,-0.78000000000000003
2020-12-31,-0.72999999999999998,-0.75,-0.77000000000000002,-0.77000000000000002,-0.75
2021-01-31,-0.68000000000000005,-0.75,-0.78000000000000003,-0.78000000000000003,-0.76000000000000001
2021-02-28,-0.64000000000000001,-0.67000000000000004,-0.66000000000000003,-0.63,-0.57999999999999996
2021-03-31,-0.66000000000000003,-0.70999999999999996,-0.71999999999999997,-0.68999999999999995,-0.63
2021-04-30,-0.67000000000000004,-0.69999999999999996,-0.69999999999999996,-0.65000000000000002,-0.58999999999999997
2021-05-31,-0.66000000000000003,-0.68999999999999995,-0.68000000000000005,-0.64000000000000001,-0.56999999999999995
2021-06-30,-0.68000000000000005,-0.68999999999999995,-0.68000000000000005,-0.64000000000000001,-0.58999999999999997
2021-07-31,-0.73999999999999999,-0.80000000000000004,-0.81999999999999995,-0.81000000000000005,-0.77000000000000002
2021-08-31,-0.72999999999999998,-0.77000000000000002,-0.78000000000000003,-0.77000000000000002,-0.73999999999999999
2021-09-30,-0.70999999999999996,-0.72999999999999998,-0.70999999999999996,-0.66000000000000003,-0.58999999999999997
2021-10-31,-0.67000000000000004,-0.64000000000000001,-0.57999999999999996,-0.5,-0.41999999999999998
2021-11-30,-0.81000000000000005,-0.81999999999999995,-0.79000000000000004,-0.73999999999999999,-0.67000000000000004
2021-12-31,-0.72999999999999998,-0.68000000000000005,-0.62,-0.56000000000000005,-0.5
2022-01-31,-0.68000000000000005,-0.59999999999999998,-0.5,-0.40000000000000002,-0.32000000000000001
2022-02-28,-0.66000000000000003,-0.47999999999999998,-0.32000000000000001,-0.20000000000000001,-0.11
2022-03-31,-0.47999999999999998,-0.070000000000000007,0.17000000000000001,0.31,0.40000000000000002
2022-04-30,-0.20000000000000001,0.20999999999999999,0.45000000000000001,0.58999999999999997,0.68000000000000005
2022-05-31,-0.029999999999999999,0.34999999999999998,0.55000000000000004,0.67000000000000004,0.77000000000000002
2022-06-30,0.32000000000000001,0.66000000000000003,0.81000000000000005,0.93000000000000005,1.03
2022-07-31,0.17000000000000001,0.22,0.32000000000000001,0.41999999999999998,0.53000000000000003
2022-08-31,0.65000000000000002,1.0600000000000001,1.2,1.26,1.3
2022-09-30,1.54,1.6699999999999999,1.77,1.8500000000000001,1.9199999999999999
2022-10-31,1.9299999999999999,1.9199999999999999,1.9199999999999999,1.95,2
2022-11-30,2,2.0800000000000001,2.0099999999999998,1.95,1.9199999999999999
2022-12-31,2.3900000000000001,2.5899999999999999,2.5499999999999998,2.5,2.4700000000000002
2023-01-31,2.6499999999999999,2.5899999999999999,2.4300000000000002,2.3100000000000001,2.25
2023-02-28,3.1699999999999999,3.1099999999999999,2.9199999999999999,2.7799999999999998,2.6899999999999999
2023-03-31,2.8199999999999998,2.6499999999999999,2.5299999999999998,2.4399999999999999,2.3900000000000001
2023-04-30,2.8999999999999999,2.6899999999999999,2.4900000000000002,2.3700000000000001,2.3199999999999998
2023-05-31,2.9700000000000002,2.71,2.5299999999999998,2.4100000000000001,2.3300000000000001
2023-06-30,3.4300000000000002,3.1400000000000001,2.8599999999999999,2.6600000000000001,2.5499999999999998
2023-07-31,3.3900000000000001,3.0699999999999998,2.7999999999999998,2.6200000000000001,2.5299999999999998
2023-08-31,3.3399999999999999,2.98,2.7000000000000002,2.54,2.4700000000000002
2023-09-30,3.5800000000000001,3.1899999999999999,2.9199999999999999,2.7999999999999998,2.7599999999999998
2023-10-31,3.4700000000000002,3,2.7400000000000002,2.6299999999999999,2.6099999999999999
2023-11-30,3.2599999999999998,2.77,2.48,2.3199999999999998,2.2599999999999998
2023-12-31,2.9700000000000002,2.3500000000000001,2.04,1.9099999999999999,1.8700000000000001
2024-01-31,3.1200000000000001,2.5299999999999998,2.2400000000000002,2.1099999999999999,2.0699999999999998
2024-02-29,3.3999999999999999,2.9700000000000002,2.7000000000000002,2.5499999999999998,2.4700000000000002
2024-03-31,3.29,2.8199999999999998,2.54,2.3700000000000001,2.29
2024-04-30,3.3399999999999999,2.9700000000000002,2.73,2.5899999999999999,2.52
2024-05-31,3.3599999999999999,3.0699999999999998,2.8799999999999999,2.7599999999999998,2.6899999999999999
2024-06-30,3.1200000000000001,2.7799999999999998,2.5699999999999998,2.4500000000000002,2.3900000000000001
2024-07-31,2.9500000000000002,2.54,2.3199999999999998,2.2200000000000002,2.1899999999999999
2024-08-31,2.71,2.3199999999999998,2.1499999999999999,2.0899999999999999,2.0899999999999999
2024-09-30,2.4399999999999999,2.0499999999999998,1.9199999999999999,1.8999999999999999,1.9299999999999999
2024-10-31,2.46,2.2400000000000002,2.1699999999999999,2.1699999999999999,2.21
2024-11-30,2.23,1.95,1.8799999999999999,1.8799999999999999,1.9099999999999999
2024-12-31,2.1699999999999999,2.02,2.02,2.0600000000000001,2.1299999999999999
2025-01-31,2.2000000000000002,2.1000000000000001,2.0899999999999999,2.1299999999999999,2.1899999999999999
2025-02-28,2.0699999999999998,1.97,1.97,2.02,2.0800000000000001
2025-03-31,2.0099999999999998,1.97,2.0299999999999998,2.1299999999999999,2.25
2025-04-30,1.75,1.7,1.78,1.8899999999999999,2.0099999999999998
2025-05-31,1.78,1.77,1.8500000000000001,1.96,2.0800000000000001
2025-06-30,1.8200000000000001,1.8400000000000001,1.9199999999999999,2.0299999999999998,2.1499999999999999
2025-07-31,1.8999999999999999,1.95,2.04,2.1400000000000001,2.25
2025-08-31,1.8899999999999999,1.9199999999999999,2,2.1000000000000001,2.21
2025-09-30,1.96,2.0099999999999998,2.0800000000000001,2.1800000000000002,2.2799999999999998
2025-10-31,1.9199999999999999,1.97,2.0499999999999998,2.1400000000000001,2.2400000000000002
2025-11-30,1.96,2.0099999999999998,2.0899999999999999,2.1800000000000002,2.2799999999999998
2025-12-31,2.02,2.1099999999999999,2.21,2.3199999999999998,2.4399999999999999
2026-01-31,2,2.0699999999999998,2.1600000000000001,2.27,2.3799999999999999
2026-02-28,2,2.02,2.0800000000000001,2.1600000000000001,2.25
2026-03-31,2.5099999999999998,2.6200000000000001,2.6200000000000001,2.6499999999999999,2.7200000000000002
2026-04-30,2.5899999999999999,2.71,2.73,2.75,2.7999999999999998
2026-05-31,2.4500000000000002,2.5299999999999998,2.5499999999999998,2.5899999999999999,2.6400000000000001
